
INSERT INTO SinhVien (IdSinhVien, HoTen, Lop, NgaySinh, DiaChi, IdChuongTrinhHoc, IdKhoa) 
VALUES (N'222601065', N'NGUYỄN MAI ANH', N'Công nghệ thông tin Việt Anh 1', 
TO_DATE('2004-03-20', 'YYYY-MM-DD'), N'Long An', 'clc_cntt', 'DTQT');
INSERT INTO SinhVien (IdSinhVien, HoTen, Lop, NgaySinh, DiaChi, IdChuongTrinhHoc, IdKhoa) VALUES ('222631066', N'LÊ NGỌC ÁNH', N'Công nghệ thông tin Việt Anh 1', TO_DATE('2004-03-20', 'YYYY-MM-DD'), N'Hà Nội', 'clc_cntt', 'DTQT');
INSERT INTO SinhVien (IdSinhVien, HoTen, Lop, NgaySinh, DiaChi, IdChuongTrinhHoc, IdKhoa) VALUES ('222601068', N'PHAN QUỐC BẢO', N'Công nghệ thông tin Việt Anh 1', TO_DATE('2004-03-17', 'YYYY-MM-DD'), N'Đồng Nai', 'clc_cntt', 'DTQT');
INSERT INTO SinhVien (IdSinhVien, HoTen, Lop, NgaySinh, DiaChi, IdChuongTrinhHoc, IdKhoa) VALUES ('222631070', N'VŨ MẠNH BẢO', N'Công nghệ thông tin Việt Anh 1', TO_DATE('2004-04-20', 'YYYY-MM-DD'), N'Quảng Ngãi', 'clc_cntt', 'DTQT');
INSERT INTO SinhVien (IdSinhVien, HoTen, Lop, NgaySinh, DiaChi, IdChuongTrinhHoc, IdKhoa) VALUES ('222631071', N'NGUYỄN THỊ NGỌC BÍCH', N'Công nghệ thông tin Việt Anh 1', TO_DATE('2004-12-20', 'YYYY-MM-DD'), N'Hải Phòng', 'clc_cntt', 'DTQT');
INSERT INTO SinhVien (IdSinhVien, HoTen, Lop, NgaySinh, DiaChi, IdChuongTrinhHoc, IdKhoa) VALUES ('222611075', N'NGUYỄN HÙNG CƯỜNG', N'Công nghệ thông tin Việt Anh 1', TO_DATE('2004-03-12', 'YYYY-MM-DD'), N'Kon Tum', 'clc_cntt', 'DTQT');
INSERT INTO SinhVien (IdSinhVien, HoTen, Lop, NgaySinh, DiaChi, IdChuongTrinhHoc, IdKhoa) VALUES ('222631076', N'VŨ MẠNH CƯỜNG', N'Công nghệ thông tin Việt Anh 1', TO_DATE('2004-03-06', 'YYYY-MM-DD'), N'Hà Tĩnh', 'clc_cntt', 'DTQT');
INSERT INTO SinhVien (IdSinhVien, HoTen, Lop, NgaySinh, DiaChi, IdChuongTrinhHoc, IdKhoa) VALUES ('222631085', N'TRẦN XUÂN ĐẠT', N'Công nghệ thông tin Việt Anh 1', TO_DATE('2004-05-22', 'YYYY-MM-DD'), N'Đắk Nông', 'clc_cntt', 'DTQT');
INSERT INTO SinhVien (IdSinhVien, HoTen, Lop, NgaySinh, DiaChi, IdChuongTrinhHoc, IdKhoa) VALUES ('222631088', N'TRƯƠNG QUẢNG ĐÔNG', N'Công nghệ thông tin Việt Anh 1', TO_DATE('2004-07-20', 'YYYY-MM-DD'), N'Tây Ninh', 'clc_cntt', 'DTQT');
INSERT INTO SinhVien (IdSinhVien, HoTen, Lop, NgaySinh, DiaChi, IdChuongTrinhHoc, IdKhoa) VALUES ('222631089', N'NGUYỄN MINH ĐỨC', N'Công nghệ thông tin Việt Anh 1', TO_DATE('2004-06-20', 'YYYY-MM-DD'), N'Quảng Nam', 'clc_cntt', 'DTQT');
INSERT INTO SinhVien (IdSinhVien, HoTen, Lop, NgaySinh, DiaChi, IdChuongTrinhHoc, IdKhoa) VALUES ('222631079', N'NGUYỄN ĐỨC DŨNG', N'Công nghệ thông tin Việt Anh 1', TO_DATE('2004-09-25', 'YYYY-MM-DD'), N'Đồng Tháp', 'clc_cntt', 'DTQT');
INSERT INTO SinhVien (IdSinhVien, HoTen, Lop, NgaySinh, DiaChi, IdChuongTrinhHoc, IdKhoa) VALUES ('222601081', N'TRỊNH XUÂN DŨNG', N'Công nghệ thông tin Việt Anh 1', TO_DATE('2004-10-23', 'YYYY-MM-DD'), N'Đắk Lắk', 'clc_cntt', 'DTQT');
INSERT INTO SinhVien (IdSinhVien, HoTen, Lop, NgaySinh, DiaChi, IdChuongTrinhHoc, IdKhoa) VALUES ('222631082', N'NGUYỄN THÁI DƯƠNG', N'Công nghệ thông tin Việt Anh 1', TO_DATE('2004-11-21', 'YYYY-MM-DD'), N'Bình Thuận', 'clc_cntt', 'DTQT');
INSERT INTO SinhVien (IdSinhVien, HoTen, Lop, NgaySinh, DiaChi, IdChuongTrinhHoc, IdKhoa) VALUES ('222631083', N'PHÙNG VĂN DƯƠNG', N'Công nghệ thông tin Việt Anh 1', TO_DATE('2004-06-20', 'YYYY-MM-DD'), N'Nam Định', 'clc_cntt', 'DTQT');
INSERT INTO SinhVien (IdSinhVien, HoTen, Lop, NgaySinh, DiaChi, IdChuongTrinhHoc, IdKhoa) VALUES ('222631091', N'GIANG ĐỨC HẢI', N'Công nghệ thông tin Việt Anh 1', TO_DATE('2004-11-25', 'YYYY-MM-DD'), N'Đồng Tháp', 'clc_cntt', 'DTQT');
INSERT INTO SinhVien (IdSinhVien, HoTen, Lop, NgaySinh, DiaChi, IdChuongTrinhHoc, IdKhoa) VALUES ('222631095', N'TRẦN MINH HIẾU', N'Công nghệ thông tin Việt Anh 1', TO_DATE('2004-02-20', 'YYYY-MM-DD'), N'Cà Mau', 'clc_cntt', 'DTQT');
INSERT INTO SinhVien (IdSinhVien, HoTen, Lop, NgaySinh, DiaChi, IdChuongTrinhHoc, IdKhoa) VALUES ('222631096', N'VŨ MINH HIẾU', N'Công nghệ thông tin Việt Anh 1', TO_DATE('2004-01-20', 'YYYY-MM-DD'), N'Thái Bình', 'clc_cntt', 'DTQT');
INSERT INTO SinhVien (IdSinhVien, HoTen, Lop, NgaySinh, DiaChi, IdChuongTrinhHoc, IdKhoa) VALUES ('222631098', N'ĐỖ DUY HUÂN', N'Công nghệ thông tin Việt Anh 1', TO_DATE('2004-03-24', 'YYYY-MM-DD'), N'Quảng Ngãi', 'clc_cntt', 'DTQT');
INSERT INTO SinhVien (IdSinhVien, HoTen, Lop, NgaySinh, DiaChi, IdChuongTrinhHoc, IdKhoa) VALUES ('222631102', N'BÙI QUANG HUY', N'Công nghệ thông tin Việt Anh 1', TO_DATE('2004-06-27', 'YYYY-MM-DD'), N'Hà Nội', 'clc_cntt', 'DTQT');
INSERT INTO SinhVien (IdSinhVien, HoTen, Lop, NgaySinh, DiaChi, IdChuongTrinhHoc, IdKhoa) VALUES ('222631105', N'VŨ QUANG HUY', N'Công nghệ thông tin Việt Anh 1', TO_DATE('2004-04-25', 'YYYY-MM-DD'), N'Bến Tre', 'clc_cntt', 'DTQT');
INSERT INTO SinhVien (IdSinhVien, HoTen, Lop, NgaySinh, DiaChi, IdChuongTrinhHoc, IdKhoa) VALUES ('222631109', N'LÊ ĐỨC KHÁNH', N'Công nghệ thông tin Việt Anh 1', TO_DATE('2004-03-27', 'YYYY-MM-DD'), N'An Giang', 'clc_cntt', 'DTQT');
INSERT INTO SinhVien (IdSinhVien, HoTen, Lop, NgaySinh, DiaChi, IdChuongTrinhHoc, IdKhoa) VALUES ('222631110', N'NGUYỄN QUỐC KHÁNH', N'Công nghệ thông tin Việt Anh 1', TO_DATE('2004-08-20', 'YYYY-MM-DD'), N'Quảng Ngãi', 'clc_cntt', 'DTQT');
INSERT INTO SinhVien (IdSinhVien, HoTen, Lop, NgaySinh, DiaChi, IdChuongTrinhHoc, IdKhoa) VALUES ('222631112', N'LÊ TRUNG KIÊN', N'Công nghệ thông tin Việt Anh 1', TO_DATE('2004-03-10', 'YYYY-MM-DD'), N'An Giang', 'clc_cntt', 'DTQT');
INSERT INTO SinhVien (IdSinhVien, HoTen, Lop, NgaySinh, DiaChi, IdChuongTrinhHoc, IdKhoa) VALUES ('222631115', N'NGUYỄN VĂN HOÀNG LÂM', N'Công nghệ thông tin Việt Anh 1', TO_DATE('2004-02-04', 'YYYY-MM-DD'), N'Hồ Chí Minh', 'clc_cntt', 'DTQT');
INSERT INTO SinhVien (IdSinhVien, HoTen, Lop, NgaySinh, DiaChi, IdChuongTrinhHoc, IdKhoa) VALUES ('222631119', N'TRƯƠNG XUÂN LỘC', N'Công nghệ thông tin Việt Anh 1', TO_DATE('2004-03-06', 'YYYY-MM-DD'), N'Đồng Tháp', 'clc_cntt', 'DTQT');
INSERT INTO SinhVien (IdSinhVien, HoTen, Lop, NgaySinh, DiaChi, IdChuongTrinhHoc, IdKhoa) VALUES ('222601120', N'PHẠM DUY LỢI', N'Công nghệ thông tin Việt Anh 1', TO_DATE('2004-03-08', 'YYYY-MM-DD'), N'Bình Định', 'clc_cntt', 'DTQT');
INSERT INTO SinhVien (IdSinhVien, HoTen, Lop, NgaySinh, DiaChi, IdChuongTrinhHoc, IdKhoa) VALUES ('222631118', N'LÊ QUANG LONG', N'Công nghệ thông tin Việt Anh 1', TO_DATE('2004-03-04', 'YYYY-MM-DD'), N'Hồ Chí Minh', 'clc_cntt', 'DTQT');
INSERT INTO SinhVien (IdSinhVien, HoTen, Lop, NgaySinh, DiaChi, IdChuongTrinhHoc, IdKhoa) VALUES ('222631122', N'NGUYỄN HỒNG MINH', N'Công nghệ thông tin Việt Anh 1', TO_DATE('2004-03-23', 'YYYY-MM-DD'), N'Quảng Ngãi', 'clc_cntt', 'DTQT');
INSERT INTO SinhVien (IdSinhVien, HoTen, Lop, NgaySinh, DiaChi, IdChuongTrinhHoc, IdKhoa) VALUES ('222601125', N'NGUYỄN VĂN MINH', N'Công nghệ thông tin Việt Anh 1', TO_DATE('2004-03-21', 'YYYY-MM-DD'), N'Thái Bình', 'clc_cntt', 'DTQT');
INSERT INTO SinhVien (IdSinhVien, HoTen, Lop, NgaySinh, DiaChi, IdChuongTrinhHoc, IdKhoa) VALUES ('222631127', N'VŨ NHẬT MINH', N'Công nghệ thông tin Việt Anh 1', TO_DATE('2004-03-24', 'YYYY-MM-DD'), N'Tây Ninh', 'clc_cntt', 'DTQT');
INSERT INTO SinhVien (IdSinhVien, HoTen, Lop, NgaySinh, DiaChi, IdChuongTrinhHoc, IdKhoa) VALUES ('222631128', N'VŨ HẢI NAM', N'Công nghệ thông tin Việt Anh 1', TO_DATE('2004-02-26', 'YYYY-MM-DD'), N'Nghệ An', 'clc_cntt', 'DTQT');
INSERT INTO SinhVien (IdSinhVien, HoTen, Lop, NgaySinh, DiaChi, IdChuongTrinhHoc, IdKhoa) VALUES ('222631129', N'TRẦN THẾ PHONG', N'Công nghệ thông tin Việt Anh 1', TO_DATE('2004-04-20', 'YYYY-MM-DD'), N'Sóc Trăng', 'clc_cntt', 'DTQT');
INSERT INTO SinhVien (IdSinhVien, HoTen, Lop, NgaySinh, DiaChi, IdChuongTrinhHoc, IdKhoa) VALUES ('222631132', N'NGUYỄN MINH QUÂN', N'Công nghệ thông tin Việt Anh 1', TO_DATE('2004-03-21', 'YYYY-MM-DD'), N'Nam Định', 'clc_cntt', 'DTQT');
INSERT INTO SinhVien (IdSinhVien, HoTen, Lop, NgaySinh, DiaChi, IdChuongTrinhHoc, IdKhoa) VALUES ('222631131', N'HÀ VIỆT QUANG', N'Công nghệ thông tin Việt Anh 1', TO_DATE('2004-03-21', 'YYYY-MM-DD'), N'Bình Định', 'clc_cntt', 'DTQT');
INSERT INTO SinhVien (IdSinhVien, HoTen, Lop, NgaySinh, DiaChi, IdChuongTrinhHoc, IdKhoa) VALUES ('222631138', N'NGUYỄN ANH TÂY', N'Công nghệ thông tin Việt Anh 1', TO_DATE('2004-04-22', 'YYYY-MM-DD'), N'Đắk Lắk', 'clc_cntt', 'DTQT');
INSERT INTO SinhVien (IdSinhVien, HoTen, Lop, NgaySinh, DiaChi, IdChuongTrinhHoc, IdKhoa) VALUES ('222631143', N'LA TRẦN THỊNH', N'Công nghệ thông tin Việt Anh 1', TO_DATE('2004-03-25', 'YYYY-MM-DD'), N'Hà Tĩnh', 'clc_cntt', 'DTQT');
INSERT INTO SinhVien (IdSinhVien, HoTen, Lop, NgaySinh, DiaChi, IdChuongTrinhHoc, IdKhoa) VALUES ('222631152', N'LÊ ANH TUÂN', N'Công nghệ thông tin Việt Anh 1', TO_DATE('2004-03-20', 'YYYY-MM-DD'), N'Bà Rịa - Vũng Tàu', 'clc_cntt', 'DTQT');
INSERT INTO SinhVien (IdSinhVien, HoTen, Lop, NgaySinh, DiaChi, IdChuongTrinhHoc, IdKhoa) VALUES ('222631153', N'CHU THIÊN TUẤN', N'Công nghệ thông tin Việt Anh 1', TO_DATE('2004-03-20', 'YYYY-MM-DD'), N'Nam Định', 'clc_cntt', 'DTQT');
INSERT INTO SinhVien (IdSinhVien, HoTen, Lop, NgaySinh, DiaChi, IdChuongTrinhHoc, IdKhoa) VALUES ('222631154', N'VŨ ANH TUẤN', N'Công nghệ thông tin Việt Anh 1', TO_DATE('2004-03-20', 'YYYY-MM-DD'), N'Hậu Giang', 'clc_cntt', 'DTQT');
INSERT INTO SinhVien (IdSinhVien, HoTen, Lop, NgaySinh, DiaChi, IdChuongTrinhHoc, IdKhoa) VALUES ('222631155', N'VŨ NGỌC TUẤN', N'Công nghệ thông tin Việt Anh 1', TO_DATE('2004-03-20', 'YYYY-MM-DD'), N'Nghệ An', 'clc_cntt', 'DTQT');
INSERT INTO SinhVien (IdSinhVien, HoTen, Lop, NgaySinh, DiaChi, IdChuongTrinhHoc, IdKhoa) VALUES ('222631156', N'BÙI QUANG TÙNG', N'Công nghệ thông tin Việt Anh 1', TO_DATE('2004-03-20', 'YYYY-MM-DD'), N'Kiên Giang', 'clc_cntt', 'DTQT');


-- Chèn sinh viên vào các lớp học phần (mỗi lần một bản ghi)ORACLE
INSERT INTO SinhVien_LopHocPhan (IDSINHVIENLOPHOCPHAN, IDSINHVIEN, IDLOPHOCPHAN)
VALUES (SYS_GUID(), (SELECT IdSinhVien FROM SinhVien WHERE HoTen = N'LÊ NGỌC ÁNH'), 'HTQTORCL_QT01');
INSERT INTO SinhVien_LopHocPhan (IDSINHVIENLOPHOCPHAN, IDSINHVIEN, IDLOPHOCPHAN)
VALUES (SYS_GUID(), (SELECT IdSinhVien FROM SinhVien WHERE HoTen = N'PHAN QUỐC BẢO'), 'HTQTORCL_QT01');
INSERT INTO SinhVien_LopHocPhan (IDSINHVIENLOPHOCPHAN, IDSINHVIEN, IDLOPHOCPHAN)
VALUES (SYS_GUID(), (SELECT IdSinhVien FROM SinhVien WHERE HoTen = N'VŨ MẠNH BẢO'), 'HTQTORCL_QT01');
INSERT INTO SinhVien_LopHocPhan (IDSINHVIENLOPHOCPHAN, IDSINHVIEN, IDLOPHOCPHAN)
VALUES (SYS_GUID(), (SELECT IdSinhVien FROM SinhVien WHERE HoTen = N'NGUYỄN THỊ NGỌC BÍCH'), 'HTQTORCL_QT01');
INSERT INTO SinhVien_LopHocPhan (IDSINHVIENLOPHOCPHAN, IDSINHVIEN, IDLOPHOCPHAN)
VALUES (SYS_GUID(), (SELECT IdSinhVien FROM SinhVien WHERE HoTen = N'NGUYỄN HÙNG CƯỜNG'), 'HTQTORCL_QT01');
INSERT INTO SinhVien_LopHocPhan (IDSINHVIENLOPHOCPHAN, IDSINHVIEN, IDLOPHOCPHAN)
VALUES (SYS_GUID(), (SELECT IdSinhVien FROM SinhVien WHERE HoTen = N'VŨ MẠNH CƯỜNG'), 'HTQTORCL_QT01');
INSERT INTO SinhVien_LopHocPhan (IDSINHVIENLOPHOCPHAN, IDSINHVIEN, IDLOPHOCPHAN)
VALUES (SYS_GUID(), (SELECT IdSinhVien FROM SinhVien WHERE HoTen = N'TRẦN XUÂN ĐẠT'), 'HTQTORCL_QT01');
INSERT INTO SinhVien_LopHocPhan (IDSINHVIENLOPHOCPHAN, IDSINHVIEN, IDLOPHOCPHAN)
VALUES (SYS_GUID(), (SELECT IdSinhVien FROM SinhVien WHERE HoTen = N'TRƯƠNG QUẢNG ĐÔNG'), 'HTQTORCL_QT01');
INSERT INTO SinhVien_LopHocPhan (IDSINHVIENLOPHOCPHAN, IDSINHVIEN, IDLOPHOCPHAN)
VALUES (SYS_GUID(), (SELECT IdSinhVien FROM SinhVien WHERE HoTen = N'NGUYỄN MINH ĐỨC'), 'HTQTORCL_QT01');
INSERT INTO SinhVien_LopHocPhan (IDSINHVIENLOPHOCPHAN, IDSINHVIEN, IDLOPHOCPHAN)
VALUES (SYS_GUID(), (SELECT IdSinhVien FROM SinhVien WHERE HoTen = N'NGUYỄN ĐỨC DŨNG'), 'HTQTORCL_QT01');
INSERT INTO SinhVien_LopHocPhan (IDSINHVIENLOPHOCPHAN, IDSINHVIEN, IDLOPHOCPHAN)
VALUES (SYS_GUID(), (SELECT IdSinhVien FROM SinhVien WHERE HoTen = N'TRỊNH XUÂN DŨNG'), 'HTQTORCL_QT01');
INSERT INTO SinhVien_LopHocPhan (IDSINHVIENLOPHOCPHAN, IDSINHVIEN, IDLOPHOCPHAN)
VALUES (SYS_GUID(), (SELECT IdSinhVien FROM SinhVien WHERE HoTen = N'NGUYỄN THÁI DƯƠNG'), 'HTQTORCL_QT01');
INSERT INTO SinhVien_LopHocPhan (IDSINHVIENLOPHOCPHAN, IDSINHVIEN, IDLOPHOCPHAN)
VALUES (SYS_GUID(), (SELECT IdSinhVien FROM SinhVien WHERE HoTen = N'PHÙNG VĂN DƯƠNG'), 'HTQTORCL_QT01');
INSERT INTO SinhVien_LopHocPhan (IDSINHVIENLOPHOCPHAN, IDSINHVIEN, IDLOPHOCPHAN)
VALUES (SYS_GUID(), (SELECT IdSinhVien FROM SinhVien WHERE HoTen = N'GIANG ĐỨC HẢI'), 'HTQTORCL_QT01');
INSERT INTO SinhVien_LopHocPhan (IDSINHVIENLOPHOCPHAN, IDSINHVIEN, IDLOPHOCPHAN)
VALUES (SYS_GUID(), (SELECT IdSinhVien FROM SinhVien WHERE HoTen = N'TRẦN MINH HIẾU'), 'HTQTORCL_QT01');
INSERT INTO SinhVien_LopHocPhan (IDSINHVIENLOPHOCPHAN, IDSINHVIEN, IDLOPHOCPHAN)
VALUES (SYS_GUID(), (SELECT IdSinhVien FROM SinhVien WHERE HoTen = N'VŨ MINH HIẾU'), 'HTQTORCL_QT01');
INSERT INTO SinhVien_LopHocPhan (IDSINHVIENLOPHOCPHAN, IDSINHVIEN, IDLOPHOCPHAN)
VALUES (SYS_GUID(), (SELECT IdSinhVien FROM SinhVien WHERE HoTen = N'ĐỖ DUY HUÂN'), 'HTQTORCL_QT01');
INSERT INTO SinhVien_LopHocPhan (IDSINHVIENLOPHOCPHAN, IDSINHVIEN, IDLOPHOCPHAN)
VALUES (SYS_GUID(), (SELECT IdSinhVien FROM SinhVien WHERE HoTen = N'BÙI QUANG HUY'), 'HTQTORCL_QT01');
INSERT INTO SinhVien_LopHocPhan (IDSINHVIENLOPHOCPHAN, IDSINHVIEN, IDLOPHOCPHAN)
VALUES (SYS_GUID(), (SELECT IdSinhVien FROM SinhVien WHERE HoTen = N'LÊ ĐỨC KHÁNH'), 'HTQTORCL_QT01');
INSERT INTO SinhVien_LopHocPhan (IDSINHVIENLOPHOCPHAN, IDSINHVIEN, IDLOPHOCPHAN)
VALUES (SYS_GUID(), (SELECT IdSinhVien FROM SinhVien WHERE HoTen = N'NGUYỄN QUỐC KHÁNH'), 'HTQTORCL_QT01');
INSERT INTO SinhVien_LopHocPhan (IDSINHVIENLOPHOCPHAN, IDSINHVIEN, IDLOPHOCPHAN)
VALUES (SYS_GUID(), (SELECT IdSinhVien FROM SinhVien WHERE HoTen = N'LÊ TRUNG KIÊN'), 'HTQTORCL_QT01');
INSERT INTO SinhVien_LopHocPhan (IDSINHVIENLOPHOCPHAN, IDSINHVIEN, IDLOPHOCPHAN)
VALUES (SYS_GUID(), (SELECT IdSinhVien FROM SinhVien WHERE HoTen = N'NGUYỄN VĂN HOÀNG LÂM'), 'HTQTORCL_QT01');
INSERT INTO SinhVien_LopHocPhan (IDSINHVIENLOPHOCPHAN, IDSINHVIEN, IDLOPHOCPHAN)
VALUES (SYS_GUID(), (SELECT IdSinhVien FROM SinhVien WHERE HoTen = N'TRƯƠNG XUÂN LỘC'), 'HTQTORCL_QT01');
INSERT INTO SinhVien_LopHocPhan (IDSINHVIENLOPHOCPHAN, IDSINHVIEN, IDLOPHOCPHAN)
VALUES (SYS_GUID(), (SELECT IdSinhVien FROM SinhVien WHERE HoTen = N'PHẠM DUY LỢI'), 'HTQTORCL_QT01');
INSERT INTO SinhVien_LopHocPhan (IDSINHVIENLOPHOCPHAN, IDSINHVIEN, IDLOPHOCPHAN)
VALUES (SYS_GUID(), (SELECT IdSinhVien FROM SinhVien WHERE HoTen = N'LÊ QUANG LONG'), 'HTQTORCL_QT01');
INSERT INTO SinhVien_LopHocPhan (IDSINHVIENLOPHOCPHAN, IDSINHVIEN, IDLOPHOCPHAN)
VALUES (SYS_GUID(), (SELECT IdSinhVien FROM SinhVien WHERE HoTen = N'NGUYỄN HỒNG MINH'), 'HTQTORCL_QT01');
INSERT INTO SinhVien_LopHocPhan (IDSINHVIENLOPHOCPHAN, IDSINHVIEN, IDLOPHOCPHAN)
VALUES (SYS_GUID(), (SELECT IdSinhVien FROM SinhVien WHERE HoTen = N'NGUYỄN VĂN MINH'), 'HTQTORCL_QT01');
INSERT INTO SinhVien_LopHocPhan (IDSINHVIENLOPHOCPHAN, IDSINHVIEN, IDLOPHOCPHAN)
VALUES (SYS_GUID(), (SELECT IdSinhVien FROM SinhVien WHERE HoTen = N'VŨ NHẬT MINH'), 'HTQTORCL_QT01');
INSERT INTO SinhVien_LopHocPhan (IDSINHVIENLOPHOCPHAN, IDSINHVIEN, IDLOPHOCPHAN)
VALUES (SYS_GUID(), (SELECT IdSinhVien FROM SinhVien WHERE HoTen = N'VŨ HẢI NAM'), 'HTQTORCL_QT01');
INSERT INTO SinhVien_LopHocPhan (IDSINHVIENLOPHOCPHAN, IDSINHVIEN, IDLOPHOCPHAN)
VALUES (SYS_GUID(), (SELECT IdSinhVien FROM SinhVien WHERE HoTen = N'TRẦN THẾ PHONG'), 'HTQTORCL_QT01');
INSERT INTO SinhVien_LopHocPhan (IDSINHVIENLOPHOCPHAN, IDSINHVIEN, IDLOPHOCPHAN)
VALUES (SYS_GUID(), (SELECT IdSinhVien FROM SinhVien WHERE HoTen = N'NGUYỄN MINH QUÂN'), 'HTQTORCL_QT01');
INSERT INTO SinhVien_LopHocPhan (IDSINHVIENLOPHOCPHAN, IDSINHVIEN, IDLOPHOCPHAN)
VALUES (SYS_GUID(), (SELECT IdSinhVien FROM SinhVien WHERE HoTen = N'HÀ VIỆT QUANG'), 'HTQTORCL_QT01');
INSERT INTO SinhVien_LopHocPhan (IDSINHVIENLOPHOCPHAN, IDSINHVIEN, IDLOPHOCPHAN)
VALUES (SYS_GUID(), (SELECT IdSinhVien FROM SinhVien WHERE HoTen = N'NGUYỄN ANH TÂY'), 'HTQTORCL_QT01');
INSERT INTO SinhVien_LopHocPhan (IDSINHVIENLOPHOCPHAN, IDSINHVIEN, IDLOPHOCPHAN)
VALUES (SYS_GUID(), (SELECT IdSinhVien FROM SinhVien WHERE HoTen = N'LA TRẦN THỊNH'), 'HTQTORCL_QT01');
INSERT INTO SinhVien_LopHocPhan (IDSINHVIENLOPHOCPHAN, IDSINHVIEN, IDLOPHOCPHAN)
VALUES (SYS_GUID(), (SELECT IdSinhVien FROM SinhVien WHERE HoTen = N'LÊ ANH TUÂN'), 'HTQTORCL_QT01');
INSERT INTO SinhVien_LopHocPhan (IDSINHVIENLOPHOCPHAN, IDSINHVIEN, IDLOPHOCPHAN)
VALUES (SYS_GUID(), (SELECT IdSinhVien FROM SinhVien WHERE HoTen = N'CHU THIÊN TUẤN'), 'HTQTORCL_QT01');
INSERT INTO SinhVien_LopHocPhan (IDSINHVIENLOPHOCPHAN, IDSINHVIEN, IDLOPHOCPHAN)
VALUES (SYS_GUID(), (SELECT IdSinhVien FROM SinhVien WHERE HoTen = N'VŨ ANH TUẤN'), 'HTQTORCL_QT01');
INSERT INTO SinhVien_LopHocPhan (IDSINHVIENLOPHOCPHAN, IDSINHVIEN, IDLOPHOCPHAN)
VALUES (SYS_GUID(), (SELECT IdSinhVien FROM SinhVien WHERE HoTen = N'VŨ NGỌC TUẤN'), 'HTQTORCL_QT01');
INSERT INTO SinhVien_LopHocPhan (IDSINHVIENLOPHOCPHAN, IDSINHVIEN, IDLOPHOCPHAN)
VALUES (SYS_GUID(), (SELECT IdSinhVien FROM SinhVien WHERE HoTen = N'BÙI QUANG TÙNG'), 'HTQTORCL_QT01');
INSERT INTO SinhVien_LopHocPhan (IDSINHVIENLOPHOCPHAN, IDSINHVIEN, IDLOPHOCPHAN)
VALUES (SYS_GUID(), (SELECT IdSinhVien FROM SinhVien WHERE HoTen = N'NGUYỄN MAI ANH'), 'HTQTORCL_QT01');


-- ltw
INSERT INTO SinhVien_LopHocPhan (IDSINHVIENLOPHOCPHAN, IDSINHVIEN, IDLOPHOCPHAN)
VALUES (SYS_GUID(), (SELECT IdSinhVien FROM SinhVien WHERE HoTen = N'LÊ NGỌC ÁNH'), 'LTW_QT01');
INSERT INTO SinhVien_LopHocPhan (IDSINHVIENLOPHOCPHAN, IDSINHVIEN, IDLOPHOCPHAN)
VALUES (SYS_GUID(), (SELECT IdSinhVien FROM SinhVien WHERE HoTen = N'PHAN QUỐC BẢO'), 'LTW_QT01');
INSERT INTO SinhVien_LopHocPhan (IDSINHVIENLOPHOCPHAN, IDSINHVIEN, IDLOPHOCPHAN)
VALUES (SYS_GUID(), (SELECT IdSinhVien FROM SinhVien WHERE HoTen = N'VŨ MẠNH BẢO'), 'LTW_QT01');
INSERT INTO SinhVien_LopHocPhan (IDSINHVIENLOPHOCPHAN, IDSINHVIEN, IDLOPHOCPHAN)
VALUES (SYS_GUID(), (SELECT IdSinhVien FROM SinhVien WHERE HoTen = N'NGUYỄN THỊ NGỌC BÍCH'), 'LTW_QT01');
INSERT INTO SinhVien_LopHocPhan (IDSINHVIENLOPHOCPHAN, IDSINHVIEN, IDLOPHOCPHAN)
VALUES (SYS_GUID(), (SELECT IdSinhVien FROM SinhVien WHERE HoTen = N'NGUYỄN HÙNG CƯỜNG'), 'LTW_QT01');
INSERT INTO SinhVien_LopHocPhan (IDSINHVIENLOPHOCPHAN, IDSINHVIEN, IDLOPHOCPHAN)
VALUES (SYS_GUID(), (SELECT IdSinhVien FROM SinhVien WHERE HoTen = N'VŨ MẠNH CƯỜNG'), 'LTW_QT01');
INSERT INTO SinhVien_LopHocPhan (IDSINHVIENLOPHOCPHAN, IDSINHVIEN, IDLOPHOCPHAN)
VALUES (SYS_GUID(), (SELECT IdSinhVien FROM SinhVien WHERE HoTen = N'TRẦN XUÂN ĐẠT'), 'LTW_QT01');
INSERT INTO SinhVien_LopHocPhan (IDSINHVIENLOPHOCPHAN, IDSINHVIEN, IDLOPHOCPHAN)
VALUES (SYS_GUID(), (SELECT IdSinhVien FROM SinhVien WHERE HoTen = N'TRƯƠNG QUẢNG ĐÔNG'), 'LTW_QT01');
INSERT INTO SinhVien_LopHocPhan (IDSINHVIENLOPHOCPHAN, IDSINHVIEN, IDLOPHOCPHAN)
VALUES (SYS_GUID(), (SELECT IdSinhVien FROM SinhVien WHERE HoTen = N'NGUYỄN MINH ĐỨC'), 'LTW_QT01');
INSERT INTO SinhVien_LopHocPhan (IDSINHVIENLOPHOCPHAN, IDSINHVIEN, IDLOPHOCPHAN)
VALUES (SYS_GUID(), (SELECT IdSinhVien FROM SinhVien WHERE HoTen = N'NGUYỄN ĐỨC DŨNG'), 'LTW_QT01');
INSERT INTO SinhVien_LopHocPhan (IDSINHVIENLOPHOCPHAN, IDSINHVIEN, IDLOPHOCPHAN)
VALUES (SYS_GUID(), (SELECT IdSinhVien FROM SinhVien WHERE HoTen = N'TRỊNH XUÂN DŨNG'), 'LTW_QT01');
INSERT INTO SinhVien_LopHocPhan (IDSINHVIENLOPHOCPHAN, IDSINHVIEN, IDLOPHOCPHAN)
VALUES (SYS_GUID(), (SELECT IdSinhVien FROM SinhVien WHERE HoTen = N'NGUYỄN THÁI DƯƠNG'), 'LTW_QT01');
INSERT INTO SinhVien_LopHocPhan (IDSINHVIENLOPHOCPHAN, IDSINHVIEN, IDLOPHOCPHAN)
VALUES (SYS_GUID(), (SELECT IdSinhVien FROM SinhVien WHERE HoTen = N'PHÙNG VĂN DƯƠNG'), 'LTW_QT01');
INSERT INTO SinhVien_LopHocPhan (IDSINHVIENLOPHOCPHAN, IDSINHVIEN, IDLOPHOCPHAN)
VALUES (SYS_GUID(), (SELECT IdSinhVien FROM SinhVien WHERE HoTen = N'GIANG ĐỨC HẢI'), 'LTW_QT01');
INSERT INTO SinhVien_LopHocPhan (IDSINHVIENLOPHOCPHAN, IDSINHVIEN, IDLOPHOCPHAN)
VALUES (SYS_GUID(), (SELECT IdSinhVien FROM SinhVien WHERE HoTen = N'TRẦN MINH HIẾU'), 'LTW_QT01');
INSERT INTO SinhVien_LopHocPhan (IDSINHVIENLOPHOCPHAN, IDSINHVIEN, IDLOPHOCPHAN)
VALUES (SYS_GUID(), (SELECT IdSinhVien FROM SinhVien WHERE HoTen = N'VŨ MINH HIẾU'), 'LTW_QT01');
INSERT INTO SinhVien_LopHocPhan (IDSINHVIENLOPHOCPHAN, IDSINHVIEN, IDLOPHOCPHAN)
VALUES (SYS_GUID(), (SELECT IdSinhVien FROM SinhVien WHERE HoTen = N'ĐỖ DUY HUÂN'), 'LTW_QT01');
INSERT INTO SinhVien_LopHocPhan (IDSINHVIENLOPHOCPHAN, IDSINHVIEN, IDLOPHOCPHAN)
VALUES (SYS_GUID(), (SELECT IdSinhVien FROM SinhVien WHERE HoTen = N'BÙI QUANG HUY'), 'LTW_QT01');
INSERT INTO SinhVien_LopHocPhan (IDSINHVIENLOPHOCPHAN, IDSINHVIEN, IDLOPHOCPHAN)
VALUES (SYS_GUID(), (SELECT IdSinhVien FROM SinhVien WHERE HoTen = N'LÊ ĐỨC KHÁNH'), 'LTW_QT01');
INSERT INTO SinhVien_LopHocPhan (IDSINHVIENLOPHOCPHAN, IDSINHVIEN, IDLOPHOCPHAN)
VALUES (SYS_GUID(), (SELECT IdSinhVien FROM SinhVien WHERE HoTen = N'NGUYỄN QUỐC KHÁNH'), 'LTW_QT01');
INSERT INTO SinhVien_LopHocPhan (IDSINHVIENLOPHOCPHAN, IDSINHVIEN, IDLOPHOCPHAN)
VALUES (SYS_GUID(), (SELECT IdSinhVien FROM SinhVien WHERE HoTen = N'LÊ TRUNG KIÊN'), 'LTW_QT01');
INSERT INTO SinhVien_LopHocPhan (IDSINHVIENLOPHOCPHAN, IDSINHVIEN, IDLOPHOCPHAN)
VALUES (SYS_GUID(), (SELECT IdSinhVien FROM SinhVien WHERE HoTen = N'NGUYỄN VĂN HOÀNG LÂM'), 'LTW_QT01');
INSERT INTO SinhVien_LopHocPhan (IDSINHVIENLOPHOCPHAN, IDSINHVIEN, IDLOPHOCPHAN)
VALUES (SYS_GUID(), (SELECT IdSinhVien FROM SinhVien WHERE HoTen = N'TRƯƠNG XUÂN LỘC'), 'LTW_QT01');
INSERT INTO SinhVien_LopHocPhan (IDSINHVIENLOPHOCPHAN, IDSINHVIEN, IDLOPHOCPHAN)
VALUES (SYS_GUID(), (SELECT IdSinhVien FROM SinhVien WHERE HoTen = N'PHẠM DUY LỢI'), 'LTW_QT01');
INSERT INTO SinhVien_LopHocPhan (IDSINHVIENLOPHOCPHAN, IDSINHVIEN, IDLOPHOCPHAN)
VALUES (SYS_GUID(), (SELECT IdSinhVien FROM SinhVien WHERE HoTen = N'LÊ QUANG LONG'), 'LTW_QT01');
INSERT INTO SinhVien_LopHocPhan (IDSINHVIENLOPHOCPHAN, IDSINHVIEN, IDLOPHOCPHAN)
VALUES (SYS_GUID(), (SELECT IdSinhVien FROM SinhVien WHERE HoTen = N'NGUYỄN HỒNG MINH'), 'LTW_QT01');
INSERT INTO SinhVien_LopHocPhan (IDSINHVIENLOPHOCPHAN, IDSINHVIEN, IDLOPHOCPHAN)
VALUES (SYS_GUID(), (SELECT IdSinhVien FROM SinhVien WHERE HoTen = N'NGUYỄN VĂN MINH'), 'LTW_QT01');
INSERT INTO SinhVien_LopHocPhan (IDSINHVIENLOPHOCPHAN, IDSINHVIEN, IDLOPHOCPHAN)
VALUES (SYS_GUID(), (SELECT IdSinhVien FROM SinhVien WHERE HoTen = N'VŨ NHẬT MINH'), 'LTW_QT01');
INSERT INTO SinhVien_LopHocPhan (IDSINHVIENLOPHOCPHAN, IDSINHVIEN, IDLOPHOCPHAN)
VALUES (SYS_GUID(), (SELECT IdSinhVien FROM SinhVien WHERE HoTen = N'VŨ HẢI NAM'), 'LTW_QT01');
INSERT INTO SinhVien_LopHocPhan (IDSINHVIENLOPHOCPHAN, IDSINHVIEN, IDLOPHOCPHAN)
VALUES (SYS_GUID(), (SELECT IdSinhVien FROM SinhVien WHERE HoTen = N'TRẦN THẾ PHONG'), 'LTW_QT01');
INSERT INTO SinhVien_LopHocPhan (IDSINHVIENLOPHOCPHAN, IDSINHVIEN, IDLOPHOCPHAN)
VALUES (SYS_GUID(), (SELECT IdSinhVien FROM SinhVien WHERE HoTen = N'NGUYỄN MINH QUÂN'), 'LTW_QT01');
INSERT INTO SinhVien_LopHocPhan (IDSINHVIENLOPHOCPHAN, IDSINHVIEN, IDLOPHOCPHAN)
VALUES (SYS_GUID(), (SELECT IdSinhVien FROM SinhVien WHERE HoTen = N'HÀ VIỆT QUANG'), 'LTW_QT01');
INSERT INTO SinhVien_LopHocPhan (IDSINHVIENLOPHOCPHAN, IDSINHVIEN, IDLOPHOCPHAN)
VALUES (SYS_GUID(), (SELECT IdSinhVien FROM SinhVien WHERE HoTen = N'NGUYỄN ANH TÂY'), 'LTW_QT01');
INSERT INTO SinhVien_LopHocPhan (IDSINHVIENLOPHOCPHAN, IDSINHVIEN, IDLOPHOCPHAN)
VALUES (SYS_GUID(), (SELECT IdSinhVien FROM SinhVien WHERE HoTen = N'LA TRẦN THỊNH'), 'LTW_QT01');
INSERT INTO SinhVien_LopHocPhan (IDSINHVIENLOPHOCPHAN, IDSINHVIEN, IDLOPHOCPHAN)
VALUES (SYS_GUID(), (SELECT IdSinhVien FROM SinhVien WHERE HoTen = N'LÊ ANH TUÂN'), 'LTW_QT01');
INSERT INTO SinhVien_LopHocPhan (IDSINHVIENLOPHOCPHAN, IDSINHVIEN, IDLOPHOCPHAN)
VALUES (SYS_GUID(), (SELECT IdSinhVien FROM SinhVien WHERE HoTen = N'CHU THIÊN TUẤN'), 'LTW_QT01');
INSERT INTO SinhVien_LopHocPhan (IDSINHVIENLOPHOCPHAN, IDSINHVIEN, IDLOPHOCPHAN)
VALUES (SYS_GUID(), (SELECT IdSinhVien FROM SinhVien WHERE HoTen = N'VŨ ANH TUẤN'), 'LTW_QT01');
INSERT INTO SinhVien_LopHocPhan (IDSINHVIENLOPHOCPHAN, IDSINHVIEN, IDLOPHOCPHAN)
VALUES (SYS_GUID(), (SELECT IdSinhVien FROM SinhVien WHERE HoTen = N'VŨ NGỌC TUẤN'), 'LTW_QT01');
INSERT INTO SinhVien_LopHocPhan (IDSINHVIENLOPHOCPHAN, IDSINHVIEN, IDLOPHOCPHAN)
VALUES (SYS_GUID(), (SELECT IdSinhVien FROM SinhVien WHERE HoTen = N'BÙI QUANG TÙNG'), 'LTW_QT01');
INSERT INTO SinhVien_LopHocPhan (IDSINHVIENLOPHOCPHAN, IDSINHVIEN, IDLOPHOCPHAN)
VALUES (SYS_GUID(), (SELECT IdSinhVien FROM SinhVien WHERE HoTen = N'NGUYỄN MAI ANH'), 'LTW_QT01');

--them diem hop phan oracle
INSERT INTO Diem (IdDiem, IdLopHocPhan, IdSinhVien, DiemQuaTrinh, DiemKetThuc, DiemTongKet, LanHoc) VALUES (SYS_GUID(), 'HTQTORCL_QT01', '222631066', 0, 0, 0, 1);
INSERT INTO Diem (IdDiem, IdLopHocPhan, IdSinhVien, DiemQuaTrinh, DiemKetThuc, DiemTongKet, LanHoc) VALUES (SYS_GUID(), 'HTQTORCL_QT01', '222601068', 0, 0, 0, 1);
INSERT INTO Diem (IdDiem, IdLopHocPhan, IdSinhVien, DiemQuaTrinh, DiemKetThuc, DiemTongKet, LanHoc) VALUES (SYS_GUID(), 'HTQTORCL_QT01', '222631070', 0, 0, 0, 1);
INSERT INTO Diem (IdDiem, IdLopHocPhan, IdSinhVien, DiemQuaTrinh, DiemKetThuc, DiemTongKet, LanHoc) VALUES (SYS_GUID(), 'HTQTORCL_QT01', '222631071', 0, 0, 0, 1);
INSERT INTO Diem (IdDiem, IdLopHocPhan, IdSinhVien, DiemQuaTrinh, DiemKetThuc, DiemTongKet, LanHoc) VALUES (SYS_GUID(), 'HTQTORCL_QT01', '222611075', 0, 0, 0, 1);
INSERT INTO Diem (IdDiem, IdLopHocPhan, IdSinhVien, DiemQuaTrinh, DiemKetThuc, DiemTongKet, LanHoc) VALUES (SYS_GUID(), 'HTQTORCL_QT01', '222631076', 0, 0, 0, 1);
INSERT INTO Diem (IdDiem, IdLopHocPhan, IdSinhVien, DiemQuaTrinh, DiemKetThuc, DiemTongKet, LanHoc) VALUES (SYS_GUID(), 'HTQTORCL_QT01', '222631085', 0, 0, 0, 1);
INSERT INTO Diem (IdDiem, IdLopHocPhan, IdSinhVien, DiemQuaTrinh, DiemKetThuc, DiemTongKet, LanHoc) VALUES (SYS_GUID(), 'HTQTORCL_QT01', '222631088', 0, 0, 0, 1);
INSERT INTO Diem (IdDiem, IdLopHocPhan, IdSinhVien, DiemQuaTrinh, DiemKetThuc, DiemTongKet, LanHoc) VALUES (SYS_GUID(), 'HTQTORCL_QT01', '222631089', 0, 0, 0, 1);
INSERT INTO Diem (IdDiem, IdLopHocPhan, IdSinhVien, DiemQuaTrinh, DiemKetThuc, DiemTongKet, LanHoc) VALUES (SYS_GUID(), 'HTQTORCL_QT01', '222631079', 0, 0, 0, 1);
INSERT INTO Diem (IdDiem, IdLopHocPhan, IdSinhVien, DiemQuaTrinh, DiemKetThuc, DiemTongKet, LanHoc) VALUES (SYS_GUID(), 'HTQTORCL_QT01', '222601081', 0, 0, 0, 1);
INSERT INTO Diem (IdDiem, IdLopHocPhan, IdSinhVien, DiemQuaTrinh, DiemKetThuc, DiemTongKet, LanHoc) VALUES (SYS_GUID(), 'HTQTORCL_QT01', '222631082', 0, 0, 0, 1);
INSERT INTO Diem (IdDiem, IdLopHocPhan, IdSinhVien, DiemQuaTrinh, DiemKetThuc, DiemTongKet, LanHoc) VALUES (SYS_GUID(), 'HTQTORCL_QT01', '222631083', 0, 0, 0, 1);
INSERT INTO Diem (IdDiem, IdLopHocPhan, IdSinhVien, DiemQuaTrinh, DiemKetThuc, DiemTongKet, LanHoc) VALUES (SYS_GUID(), 'HTQTORCL_QT01', '222631091', 0, 0, 0, 1);
INSERT INTO Diem (IdDiem, IdLopHocPhan, IdSinhVien, DiemQuaTrinh, DiemKetThuc, DiemTongKet, LanHoc) VALUES (SYS_GUID(), 'HTQTORCL_QT01', '222631095', 0, 0, 0, 1);
INSERT INTO Diem (IdDiem, IdLopHocPhan, IdSinhVien, DiemQuaTrinh, DiemKetThuc, DiemTongKet, LanHoc) VALUES (SYS_GUID(), 'HTQTORCL_QT01', '222631096', 0, 0, 0, 1);
INSERT INTO Diem (IdDiem, IdLopHocPhan, IdSinhVien, DiemQuaTrinh, DiemKetThuc, DiemTongKet, LanHoc) VALUES (SYS_GUID(), 'HTQTORCL_QT01', '222631098', 0, 0, 0, 1);
INSERT INTO Diem (IdDiem, IdLopHocPhan, IdSinhVien, DiemQuaTrinh, DiemKetThuc, DiemTongKet, LanHoc) VALUES (SYS_GUID(), 'HTQTORCL_QT01', '222631102', 0, 0, 0, 1);
INSERT INTO Diem (IdDiem, IdLopHocPhan, IdSinhVien, DiemQuaTrinh, DiemKetThuc, DiemTongKet, LanHoc) VALUES (SYS_GUID(), 'HTQTORCL_QT01', '222631109', 0, 0, 0, 1);
INSERT INTO Diem (IdDiem, IdLopHocPhan, IdSinhVien, DiemQuaTrinh, DiemKetThuc, DiemTongKet, LanHoc) VALUES (SYS_GUID(), 'HTQTORCL_QT01', '222631110', 0, 0, 0, 1);
INSERT INTO Diem (IdDiem, IdLopHocPhan, IdSinhVien, DiemQuaTrinh, DiemKetThuc, DiemTongKet, LanHoc) VALUES (SYS_GUID(), 'HTQTORCL_QT01', '222631112', 0, 0, 0, 1);
INSERT INTO Diem (IdDiem, IdLopHocPhan, IdSinhVien, DiemQuaTrinh, DiemKetThuc, DiemTongKet, LanHoc) VALUES (SYS_GUID(), 'HTQTORCL_QT01', '222631115', 0, 0, 0, 1);
INSERT INTO Diem (IdDiem, IdLopHocPhan, IdSinhVien, DiemQuaTrinh, DiemKetThuc, DiemTongKet, LanHoc) VALUES (SYS_GUID(), 'HTQTORCL_QT01', '222631119', 0, 0, 0, 1);
INSERT INTO Diem (IdDiem, IdLopHocPhan, IdSinhVien, DiemQuaTrinh, DiemKetThuc, DiemTongKet, LanHoc) VALUES (SYS_GUID(), 'HTQTORCL_QT01', '222601120', 0, 0, 0, 1);
INSERT INTO Diem (IdDiem, IdLopHocPhan, IdSinhVien, DiemQuaTrinh, DiemKetThuc, DiemTongKet, LanHoc) VALUES (SYS_GUID(), 'HTQTORCL_QT01', '222631118', 0, 0, 0, 1);
INSERT INTO Diem (IdDiem, IdLopHocPhan, IdSinhVien, DiemQuaTrinh, DiemKetThuc, DiemTongKet, LanHoc) VALUES (SYS_GUID(), 'HTQTORCL_QT01', '222631122', 0, 0, 0, 1);
INSERT INTO Diem (IdDiem, IdLopHocPhan, IdSinhVien, DiemQuaTrinh, DiemKetThuc, DiemTongKet, LanHoc) VALUES (SYS_GUID(), 'HTQTORCL_QT01', '222601125', 0, 0, 0, 1);
INSERT INTO Diem (IdDiem, IdLopHocPhan, IdSinhVien, DiemQuaTrinh, DiemKetThuc, DiemTongKet, LanHoc) VALUES (SYS_GUID(), 'HTQTORCL_QT01', '222631127', 0, 0, 0, 1);
INSERT INTO Diem (IdDiem, IdLopHocPhan, IdSinhVien, DiemQuaTrinh, DiemKetThuc, DiemTongKet, LanHoc) VALUES (SYS_GUID(), 'HTQTORCL_QT01', '222631128', 0, 0, 0, 1);
INSERT INTO Diem (IdDiem, IdLopHocPhan, IdSinhVien, DiemQuaTrinh, DiemKetThuc, DiemTongKet, LanHoc) VALUES (SYS_GUID(), 'HTQTORCL_QT01', '222631129', 0, 0, 0, 1);
INSERT INTO Diem (IdDiem, IdLopHocPhan, IdSinhVien, DiemQuaTrinh, DiemKetThuc, DiemTongKet, LanHoc) VALUES (SYS_GUID(), 'HTQTORCL_QT01', '222631132', 0, 0, 0, 1);
INSERT INTO Diem (IdDiem, IdLopHocPhan, IdSinhVien, DiemQuaTrinh, DiemKetThuc, DiemTongKet, LanHoc) VALUES (SYS_GUID(), 'HTQTORCL_QT01', '222631131', 0, 0, 0, 1);
INSERT INTO Diem (IdDiem, IdLopHocPhan, IdSinhVien, DiemQuaTrinh, DiemKetThuc, DiemTongKet, LanHoc) VALUES (SYS_GUID(), 'HTQTORCL_QT01', '222631138', 0, 0, 0, 1);
INSERT INTO Diem (IdDiem, IdLopHocPhan, IdSinhVien, DiemQuaTrinh, DiemKetThuc, DiemTongKet, LanHoc) VALUES (SYS_GUID(), 'HTQTORCL_QT01', '222631143', 0, 0, 0, 1);
INSERT INTO Diem (IdDiem, IdLopHocPhan, IdSinhVien, DiemQuaTrinh, DiemKetThuc, DiemTongKet, LanHoc) VALUES (SYS_GUID(), 'HTQTORCL_QT01', '222631152', 0, 0, 0, 1);
INSERT INTO Diem (IdDiem, IdLopHocPhan, IdSinhVien, DiemQuaTrinh, DiemKetThuc, DiemTongKet, LanHoc) VALUES (SYS_GUID(), 'HTQTORCL_QT01', '222631153', 0, 0, 0, 1);
INSERT INTO Diem (IdDiem, IdLopHocPhan, IdSinhVien, DiemQuaTrinh, DiemKetThuc, DiemTongKet, LanHoc) VALUES (SYS_GUID(), 'HTQTORCL_QT01', '222631154', 0, 0, 0, 1);
INSERT INTO Diem (IdDiem, IdLopHocPhan, IdSinhVien, DiemQuaTrinh, DiemKetThuc, DiemTongKet, LanHoc) VALUES (SYS_GUID(), 'HTQTORCL_QT01', '222631155', 0, 0, 0, 1);
INSERT INTO Diem (IdDiem, IdLopHocPhan, IdSinhVien, DiemQuaTrinh, DiemKetThuc, DiemTongKet, LanHoc) VALUES (SYS_GUID(), 'HTQTORCL_QT01', '222631156', 0, 0, 0, 1);
INSERT INTO Diem (IdDiem, IdLopHocPhan, IdSinhVien, DiemQuaTrinh, DiemKetThuc, DiemTongKet, LanHoc) VALUES (SYS_GUID(), 'HTQTORCL_QT01', '222601065', 0, 0, 0, 1);

-- them diem hoc phan lap trinh web
INSERT INTO Diem (IdDiem, IdLopHocPhan, IdSinhVien, DiemQuaTrinh, DiemKetThuc, DiemTongKet, LanHoc) VALUES (SYS_GUID(), 'LTW_QT01', '222631066', 0, 0, 0, 1);
INSERT INTO Diem (IdDiem, IdLopHocPhan, IdSinhVien, DiemQuaTrinh, DiemKetThuc, DiemTongKet, LanHoc) VALUES (SYS_GUID(), 'LTW_QT01', '222601068', 0, 0, 0, 1);
INSERT INTO Diem (IdDiem, IdLopHocPhan, IdSinhVien, DiemQuaTrinh, DiemKetThuc, DiemTongKet, LanHoc) VALUES (SYS_GUID(), 'LTW_QT01', '222631070', 0, 0, 0, 1);
INSERT INTO Diem (IdDiem, IdLopHocPhan, IdSinhVien, DiemQuaTrinh, DiemKetThuc, DiemTongKet, LanHoc) VALUES (SYS_GUID(), 'LTW_QT01', '222631071', 0, 0, 0, 1);
INSERT INTO Diem (IdDiem, IdLopHocPhan, IdSinhVien, DiemQuaTrinh, DiemKetThuc, DiemTongKet, LanHoc) VALUES (SYS_GUID(), 'LTW_QT01', '222611075', 0, 0, 0, 1);
INSERT INTO Diem (IdDiem, IdLopHocPhan, IdSinhVien, DiemQuaTrinh, DiemKetThuc, DiemTongKet, LanHoc) VALUES (SYS_GUID(), 'LTW_QT01', '222631076', 0, 0, 0, 1);
INSERT INTO Diem (IdDiem, IdLopHocPhan, IdSinhVien, DiemQuaTrinh, DiemKetThuc, DiemTongKet, LanHoc) VALUES (SYS_GUID(), 'LTW_QT01', '222631085', 0, 0, 0, 1);
INSERT INTO Diem (IdDiem, IdLopHocPhan, IdSinhVien, DiemQuaTrinh, DiemKetThuc, DiemTongKet, LanHoc) VALUES (SYS_GUID(), 'LTW_QT01', '222631088', 0, 0, 0, 1);
INSERT INTO Diem (IdDiem, IdLopHocPhan, IdSinhVien, DiemQuaTrinh, DiemKetThuc, DiemTongKet, LanHoc) VALUES (SYS_GUID(), 'LTW_QT01', '222631089', 0, 0, 0, 1);
INSERT INTO Diem (IdDiem, IdLopHocPhan, IdSinhVien, DiemQuaTrinh, DiemKetThuc, DiemTongKet, LanHoc) VALUES (SYS_GUID(), 'LTW_QT01', '222631079', 0, 0, 0, 1);
INSERT INTO Diem (IdDiem, IdLopHocPhan, IdSinhVien, DiemQuaTrinh, DiemKetThuc, DiemTongKet, LanHoc) VALUES (SYS_GUID(), 'LTW_QT01', '222601081', 0, 0, 0, 1);
INSERT INTO Diem (IdDiem, IdLopHocPhan, IdSinhVien, DiemQuaTrinh, DiemKetThuc, DiemTongKet, LanHoc) VALUES (SYS_GUID(), 'LTW_QT01', '222631082', 0, 0, 0, 1);
INSERT INTO Diem (IdDiem, IdLopHocPhan, IdSinhVien, DiemQuaTrinh, DiemKetThuc, DiemTongKet, LanHoc) VALUES (SYS_GUID(), 'LTW_QT01', '222631083', 0, 0, 0, 1);
INSERT INTO Diem (IdDiem, IdLopHocPhan, IdSinhVien, DiemQuaTrinh, DiemKetThuc, DiemTongKet, LanHoc) VALUES (SYS_GUID(), 'LTW_QT01', '222631091', 0, 0, 0, 1);
INSERT INTO Diem (IdDiem, IdLopHocPhan, IdSinhVien, DiemQuaTrinh, DiemKetThuc, DiemTongKet, LanHoc) VALUES (SYS_GUID(), 'LTW_QT01', '222631095', 0, 0, 0, 1);
INSERT INTO Diem (IdDiem, IdLopHocPhan, IdSinhVien, DiemQuaTrinh, DiemKetThuc, DiemTongKet, LanHoc) VALUES (SYS_GUID(), 'LTW_QT01', '222631096', 0, 0, 0, 1);
INSERT INTO Diem (IdDiem, IdLopHocPhan, IdSinhVien, DiemQuaTrinh, DiemKetThuc, DiemTongKet, LanHoc) VALUES (SYS_GUID(), 'LTW_QT01', '222631098', 0, 0, 0, 1);
INSERT INTO Diem (IdDiem, IdLopHocPhan, IdSinhVien, DiemQuaTrinh, DiemKetThuc, DiemTongKet, LanHoc) VALUES (SYS_GUID(), 'LTW_QT01', '222631102', 0, 0, 0, 1);
INSERT INTO Diem (IdDiem, IdLopHocPhan, IdSinhVien, DiemQuaTrinh, DiemKetThuc, DiemTongKet, LanHoc) VALUES (SYS_GUID(), 'LTW_QT01', '222631109', 0, 0, 0, 1);
INSERT INTO Diem (IdDiem, IdLopHocPhan, IdSinhVien, DiemQuaTrinh, DiemKetThuc, DiemTongKet, LanHoc) VALUES (SYS_GUID(), 'LTW_QT01', '222631110', 0, 0, 0, 1);
INSERT INTO Diem (IdDiem, IdLopHocPhan, IdSinhVien, DiemQuaTrinh, DiemKetThuc, DiemTongKet, LanHoc) VALUES (SYS_GUID(), 'LTW_QT01', '222631112', 0, 0, 0, 1);
INSERT INTO Diem (IdDiem, IdLopHocPhan, IdSinhVien, DiemQuaTrinh, DiemKetThuc, DiemTongKet, LanHoc) VALUES (SYS_GUID(), 'LTW_QT01', '222631115', 0, 0, 0, 1);
INSERT INTO Diem (IdDiem, IdLopHocPhan, IdSinhVien, DiemQuaTrinh, DiemKetThuc, DiemTongKet, LanHoc) VALUES (SYS_GUID(), 'LTW_QT01', '222631119', 0, 0, 0, 1);
INSERT INTO Diem (IdDiem, IdLopHocPhan, IdSinhVien, DiemQuaTrinh, DiemKetThuc, DiemTongKet, LanHoc) VALUES (SYS_GUID(), 'LTW_QT01', '222601120', 0, 0, 0, 1);
INSERT INTO Diem (IdDiem, IdLopHocPhan, IdSinhVien, DiemQuaTrinh, DiemKetThuc, DiemTongKet, LanHoc) VALUES (SYS_GUID(), 'LTW_QT01', '222631118', 0, 0, 0, 1);
INSERT INTO Diem (IdDiem, IdLopHocPhan, IdSinhVien, DiemQuaTrinh, DiemKetThuc, DiemTongKet, LanHoc) VALUES (SYS_GUID(), 'LTW_QT01', '222631122', 0, 0, 0, 1);
INSERT INTO Diem (IdDiem, IdLopHocPhan, IdSinhVien, DiemQuaTrinh, DiemKetThuc, DiemTongKet, LanHoc) VALUES (SYS_GUID(), 'LTW_QT01', '222601125', 0, 0, 0, 1);
INSERT INTO Diem (IdDiem, IdLopHocPhan, IdSinhVien, DiemQuaTrinh, DiemKetThuc, DiemTongKet, LanHoc) VALUES (SYS_GUID(), 'LTW_QT01', '222631127', 0, 0, 0, 1);
INSERT INTO Diem (IdDiem, IdLopHocPhan, IdSinhVien, DiemQuaTrinh, DiemKetThuc, DiemTongKet, LanHoc) VALUES (SYS_GUID(), 'LTW_QT01', '222631128', 0, 0, 0, 1);
INSERT INTO Diem (IdDiem, IdLopHocPhan, IdSinhVien, DiemQuaTrinh, DiemKetThuc, DiemTongKet, LanHoc) VALUES (SYS_GUID(), 'LTW_QT01', '222631129', 0, 0, 0, 1);
INSERT INTO Diem (IdDiem, IdLopHocPhan, IdSinhVien, DiemQuaTrinh, DiemKetThuc, DiemTongKet, LanHoc) VALUES (SYS_GUID(), 'LTW_QT01', '222631132', 0, 0, 0, 1);
INSERT INTO Diem (IdDiem, IdLopHocPhan, IdSinhVien, DiemQuaTrinh, DiemKetThuc, DiemTongKet, LanHoc) VALUES (SYS_GUID(), 'LTW_QT01', '222631131', 0, 0, 0, 1);
INSERT INTO Diem (IdDiem, IdLopHocPhan, IdSinhVien, DiemQuaTrinh, DiemKetThuc, DiemTongKet, LanHoc) VALUES (SYS_GUID(), 'LTW_QT01', '222631138', 0, 0, 0, 1);
INSERT INTO Diem (IdDiem, IdLopHocPhan, IdSinhVien, DiemQuaTrinh, DiemKetThuc, DiemTongKet, LanHoc) VALUES (SYS_GUID(), 'LTW_QT01', '222631143', 0, 0, 0, 1);
INSERT INTO Diem (IdDiem, IdLopHocPhan, IdSinhVien, DiemQuaTrinh, DiemKetThuc, DiemTongKet, LanHoc) VALUES (SYS_GUID(), 'LTW_QT01', '222631152', 0, 0, 0, 1);
INSERT INTO Diem (IdDiem, IdLopHocPhan, IdSinhVien, DiemQuaTrinh, DiemKetThuc, DiemTongKet, LanHoc) VALUES (SYS_GUID(), 'LTW_QT01', '222631153', 0, 0, 0, 1);
INSERT INTO Diem (IdDiem, IdLopHocPhan, IdSinhVien, DiemQuaTrinh, DiemKetThuc, DiemTongKet, LanHoc) VALUES (SYS_GUID(), 'LTW_QT01', '222631154', 0, 0, 0, 1);
INSERT INTO Diem (IdDiem, IdLopHocPhan, IdSinhVien, DiemQuaTrinh, DiemKetThuc, DiemTongKet, LanHoc) VALUES (SYS_GUID(), 'LTW_QT01', '222631155', 0, 0, 0, 1);
INSERT INTO Diem (IdDiem, IdLopHocPhan, IdSinhVien, DiemQuaTrinh, DiemKetThuc, DiemTongKet, LanHoc) VALUES (SYS_GUID(), 'LTW_QT01', '222631156', 0, 0, 0, 1);
INSERT INTO Diem (IdDiem, IdLopHocPhan, IdSinhVien, DiemQuaTrinh, DiemKetThuc, DiemTongKet, LanHoc) VALUES (SYS_GUID(), 'LTW_QT01', '222601065', 0, 0, 0, 1);